Rank	Target sequence	Genomic location	Strand	GC content (%)	Self-complementarity	MM0	MM1	MM2	MM3	Efficiency
1	CATCTCCGCACCCTTCAAGTGGG	seq:71	+	55	1	1	0	0	3	60.95
2	CCATCTCCGCACCCTTCAAGTGG	seq:70	+	60	1	1	0	0	3	52.16
3	CCGCACCCTTCAAGTGGGTGTGG	seq:76	+	65	2	1	0	0	3	38.06
4	ATGGCCGGGATCCAAGCGCCCGG	seq:51	-	70	0	1	0	0	4	45.53
5	TCCAAGCGCCCGGGAGGCCTGGG	seq:41	-	75	0	1	0	0	6	28.33
6	CGCACCCTTCAAGTGGGTGTGGG	seq:77	+	60	1	1	0	1	6	52.13
7	CCTCCCGGGCGCTTGGATCCCGG	seq:47	+	75	2	1	0	1	6	42.74
8	ATCCAAGCGCCCGGGAGGCCTGG	seq:42	-	75	0	1	0	0	8	28.88
9	AATCACCCACACCCACTTGAAGG	seq:82	-	50	0	1	0	1	7	0.00
10	TGGCCGGGATCCAAGCGCCCGGG	seq:50	-	75	0	1	0	0	11	54.92
11	CCAAGCGCCCGGGAGGCCTGGGG	seq:40	-	80	1	1	0	0	13	51.42
12	ATCACCCACACCCACTTGAAGGG	seq:81	-	50	0	1	0	1	12	0.00
13	TGAAGGGTGCGGAGATGGCCGGG	seq:65	-	65	1	1	0	1	21	50.18
14	TTGAAGGGTGCGGAGATGGCCGG	seq:66	-	60	1	1	0	0	66	51.56
15	AGGCCTGGGGAGGAGCGCCCGGG	seq:27	-	80	1	1	0	2	63	35.97
16	GAGGCCTGGGGAGGAGCGCCCGG	seq:28	-	80	1	1	0	9	79	24.55
17	CGCTCCTCCCCAGGCCTCCCGGG	seq:33	+	80	1	1	0	11	78	34.00
18	GCGCTCCTCCCCAGGCCTCCCGG	seq:32	+	80	1	1	0	6	93	37.17